{"cameraMode":{"drawMode":0,"name":"Shaded","section":"Shading Mode"},"sceneLighting":false,"audioPlay":false,"sceneViewState":{"m_AlwaysRefresh":false,"showFog":false,"showSkybox":false,"showFlares":false,"showImageEffects":false,"showParticleSystems":false,"showVisualEffectGraphs":false,"m_FxEnabled":true},"in2DMode":false,"pivot":{"x":-0.14157229661941529,"y":0.794708251953125,"z":0.9981786608695984},"rotation":{"x":-0.05265035107731819,"y":-0.9418969750404358,"z":0.2808844745159149,"w":-0.17666013538837434},"size":0.05210375785827637,"orthographic":false}